{
	"class_name" : "PinholeCameraParameters",
	"extrinsic" : 
	[
		0.99517194578335311,
		0.096755012741412683,
		-0.016470149822756443,
		0.0,
		0.09715439563480438,
		-0.99494322719580841,
		0.025475440448122871,
		0.0,
		-0.013921987451900538,
		-0.026952591092490957,
		-0.9995397621399511,
		0.0,
		0.61264401173759631,
		0.057386918572922732,
		0.26273557179661028,
		1.0
	],
	"intrinsic" : 
	{
		"height" : 595,
		"intrinsic_matrix" : 
		[
			515.28511525174099,
			0.0,
			0.0,
			0.0,
			515.28511525174099,
			0.0,
			639.5,
			297.0,
			1.0
		],
		"width" : 1280
	},
	"version_major" : 1,
	"version_minor" : 0
}